"Sample";"Time point";"Duration";"Model";"Regression";"Dependent variable";"Level";"Independent variable";"Estimate";"95% CI low";"95% CI up";"SE";"z score";"p value";"Model_Variant"
"Full sample";"t1";"cross-sectional";"Multinom_bipolar_With_Control";"Multinomial";"gender";"Cis man";"Intercept";1,17;1,07;1,28;0,05;3,42;"6.18e-04";"With Study Status"
"Full sample";"t1";"cross-sectional";"Multinom_bipolar_With_Control";"Multinomial";"gender";"Cis man";"SCORE";0,99;0,99;0,99;0;-10540,34;"0.00e+00";"With Study Status"
"Full sample";"t1";"cross-sectional";"Multinom_bipolar_With_Control";"Multinomial";"gender";"Cis man";"study_statusGLAD";0,65;0,61;0,69;0,03;-13,82;"1.97e-43";"With Study Status"
"Full sample";"t1";"cross-sectional";"Multinom_bipolar_With_Control";"Multinomial";"gender";"Cis man";"pc1";0,96;0,94;0,99;0,01;-2,95;"0.003";"With Study Status"
"Full sample";"t1";"cross-sectional";"Multinom_bipolar_With_Control";"Multinomial";"gender";"Cis man";"pc2";1,02;0,98;1,06;0,02;0,83;"0.41";"With Study Status"
"Full sample";"t1";"cross-sectional";"Multinom_bipolar_With_Control";"Multinomial";"gender";"Cis man";"pc3";1;0,96;1,03;0,02;-0,24;"0.81";"With Study Status"
"Full sample";"t1";"cross-sectional";"Multinom_bipolar_With_Control";"Multinomial";"gender";"Cis man";"pc4";0,99;0,96;1,02;0,02;-0,55;"0.58";"With Study Status"
"Full sample";"t1";"cross-sectional";"Multinom_bipolar_With_Control";"Multinomial";"gender";"Cis man";"pc5";1,37;1,13;1,66;0,1;3,26;"0.001";"With Study Status"
"Full sample";"t1";"cross-sectional";"Multinom_bipolar_With_Control";"Multinomial";"gender";"Cis man";"pc6";1;0,95;1,06;0,03;0,15;"0.88";"With Study Status"
"Full sample";"t1";"cross-sectional";"Multinom_bipolar_With_Control";"Multinomial";"gender";"Cis man";"batchb02";1,25;1,07;1,47;0,08;2,82;"0.005";"With Study Status"
"Full sample";"t1";"cross-sectional";"Multinom_bipolar_With_Control";"Multinomial";"gender";"Cis man";"batchb03";0,84;0,74;0,96;0,07;-2,57;"0.01";"With Study Status"
"Full sample";"t1";"cross-sectional";"Multinom_bipolar_With_Control";"Multinomial";"gender";"Cis man";"batchb04";0,93;0,83;1,03;0,06;-1,34;"0.18";"With Study Status"
"Full sample";"t1";"cross-sectional";"Multinom_bipolar_With_Control";"Multinomial";"gender";"Cis man";"batchb05";0,79;0,68;0,91;0,07;-3,2;"0.001";"With Study Status"
"Full sample";"t1";"cross-sectional";"Multinom_bipolar_With_Control";"Multinomial";"gender";"Cis man";"batchb06";0,85;0,76;0,97;0,06;-2,5;"0.01";"With Study Status"
"Full sample";"t1";"cross-sectional";"Multinom_bipolar_With_Control";"Multinomial";"gender";"Cis man";"batchb07";1,11;0,94;1,31;0,08;1,25;"0.21";"With Study Status"
"Full sample";"t1";"cross-sectional";"Multinom_bipolar_With_Control";"Multinomial";"gender";"Cis man";"batchb08";0,53;0,48;0,58;0,05;-13,67;"1.49e-42";"With Study Status"
"Full sample";"t1";"cross-sectional";"Multinom_bipolar_With_Control";"Multinomial";"gender";"Cis man";"batchb09";0,48;0,44;0,53;0,05;-15,35;"3.62e-53";"With Study Status"
"Full sample";"t1";"cross-sectional";"Multinom_bipolar_With_Control";"Multinomial";"gender";"Cis man";"batchb10";0,98;0,87;1,12;0,07;-0,23;"0.82";"With Study Status"
"Full sample";"t1";"cross-sectional";"Multinom_bipolar_With_Control";"Multinomial";"gender";"Cis man";"batchb11";0,7;0,55;0,89;0,12;-2,97;"0.003";"With Study Status"
"Full sample";"t1";"cross-sectional";"Multinom_bipolar_With_Control";"Multinomial";"gender";"Cis man";"batchb12";0,3;0,27;0,33;0,05;-22,67;"8.59e-114";"With Study Status"
"Full sample";"t1";"cross-sectional";"Multinom_bipolar_With_Control";"Multinomial";"gender";"Cis man";"batchb15";0,91;0,78;1,05;0,08;-1,27;"0.20";"With Study Status"
"Full sample";"t1";"cross-sectional";"Multinom_bipolar_With_Control";"Multinomial";"gender";"Cis man";"batchb16";0,34;0,31;0,37;0,05;-20,8;"4.76e-96";"With Study Status"
"Full sample";"t1";"cross-sectional";"Multinom_bipolar_With_Control";"Multinomial";"gender";"Cis man";"batchb17";0,71;0,62;0,82;0,07;-4,76;"1.97e-06";"With Study Status"
"Full sample";"t1";"cross-sectional";"Multinom_bipolar_With_Control";"Multinomial";"gender";"Cis man";"batchb18";0,24;0,08;0,72;0,56;-2,54;"0.01";"With Study Status"
"Full sample";"t1";"cross-sectional";"Multinom_bipolar_With_Control";"Multinomial";"gender";"Cis man";"batchb19";0,82;0,68;0,98;0,09;-2,14;"0.03";"With Study Status"
"Full sample";"t1";"cross-sectional";"Multinom_bipolar_With_Control";"Multinomial";"gender";"Cis man";"batchb20";0,93;0,78;1,1;0,09;-0,85;"0.40";"With Study Status"
"Full sample";"t1";"cross-sectional";"Multinom_bipolar_With_Control";"Multinomial";"gender";"Cis man";"batchb21";0,35;0,31;0,39;0,06;-18,04;"9.98e-73";"With Study Status"
"Full sample";"t1";"cross-sectional";"Multinom_bipolar_With_Control";"Multinomial";"gender";"Cis man";"batchb24";0,34;0,3;0,39;0,07;-16,43;"1.22e-60";"With Study Status"
"Full sample";"t1";"cross-sectional";"Multinom_bipolar_With_Control";"Multinomial";"gender";"Non-binary";"Intercept";0;0;0,01;0,48;-12,56;"3.50e-36";"With Study Status"
"Full sample";"t1";"cross-sectional";"Multinom_bipolar_With_Control";"Multinomial";"gender";"Non-binary";"SCORE";1;1;1;0;115,65;"0.00e+00";"With Study Status"
"Full sample";"t1";"cross-sectional";"Multinom_bipolar_With_Control";"Multinomial";"gender";"Non-binary";"study_statusGLAD";2,35;1,08;5,1;0,4;2,15;"0.03";"With Study Status"
"Full sample";"t1";"cross-sectional";"Multinom_bipolar_With_Control";"Multinomial";"gender";"Non-binary";"pc1";1,08;1,02;1,14;0,03;2,55;"0.01";"With Study Status"
"Full sample";"t1";"cross-sectional";"Multinom_bipolar_With_Control";"Multinomial";"gender";"Non-binary";"pc2";0,98;0,87;1,09;0,06;-0,41;"0.68";"With Study Status"
"Full sample";"t1";"cross-sectional";"Multinom_bipolar_With_Control";"Multinomial";"gender";"Non-binary";"pc3";0,99;0,87;1,13;0,07;-0,1;"0.92";"With Study Status"
"Full sample";"t1";"cross-sectional";"Multinom_bipolar_With_Control";"Multinomial";"gender";"Non-binary";"pc4";1,08;0,94;1,25;0,07;1,12;"0.26";"With Study Status"
"Full sample";"t1";"cross-sectional";"Multinom_bipolar_With_Control";"Multinomial";"gender";"Non-binary";"pc5";0,85;0,4;1,76;0,38;-0,45;"0.65";"With Study Status"
"Full sample";"t1";"cross-sectional";"Multinom_bipolar_With_Control";"Multinomial";"gender";"Non-binary";"pc6";0,89;0,72;1,1;0,11;-1,09;"0.27";"With Study Status"
"Full sample";"t1";"cross-sectional";"Multinom_bipolar_With_Control";"Multinomial";"gender";"Non-binary";"batchb02";0;0;4,258206e+15;21,77;-0,31;"0.76";"With Study Status"
"Full sample";"t1";"cross-sectional";"Multinom_bipolar_With_Control";"Multinomial";"gender";"Non-binary";"batchb03";0,9;0,25;3,31;0,66;-0,16;"0.88";"With Study Status"
"Full sample";"t1";"cross-sectional";"Multinom_bipolar_With_Control";"Multinomial";"gender";"Non-binary";"batchb04";0,52;0,13;1,99;0,69;-0,96;"0.34";"With Study Status"
"Full sample";"t1";"cross-sectional";"Multinom_bipolar_With_Control";"Multinomial";"gender";"Non-binary";"batchb05";0,37;0,05;3,03;1,07;-0,93;"0.35";"With Study Status"
"Full sample";"t1";"cross-sectional";"Multinom_bipolar_With_Control";"Multinomial";"gender";"Non-binary";"batchb06";0,51;0,11;2,39;0,78;-0,85;"0.40";"With Study Status"
"Full sample";"t1";"cross-sectional";"Multinom_bipolar_With_Control";"Multinomial";"gender";"Non-binary";"batchb07";0;0;727537700;13,28;-0,42;"0.67";"With Study Status"
"Full sample";"t1";"cross-sectional";"Multinom_bipolar_With_Control";"Multinomial";"gender";"Non-binary";"batchb08";2,74;1,34;5,63;0,37;2,75;"0.006";"With Study Status"
"Full sample";"t1";"cross-sectional";"Multinom_bipolar_With_Control";"Multinomial";"gender";"Non-binary";"batchb09";3,23;1,59;6,58;0,36;3,23;"0.001";"With Study Status"
"Full sample";"t1";"cross-sectional";"Multinom_bipolar_With_Control";"Multinomial";"gender";"Non-binary";"batchb10";0,32;0,04;2,44;1,03;-1,1;"0.27";"With Study Status"
"Full sample";"t1";"cross-sectional";"Multinom_bipolar_With_Control";"Multinomial";"gender";"Non-binary";"batchb11";1,05;0,13;8,45;1,06;0,05;"0.96";"With Study Status"
"Full sample";"t1";"cross-sectional";"Multinom_bipolar_With_Control";"Multinomial";"gender";"Non-binary";"batchb12";3,08;1,5;6,3;0,37;3,07;"0.002";"With Study Status"
"Full sample";"t1";"cross-sectional";"Multinom_bipolar_With_Control";"Multinomial";"gender";"Non-binary";"batchb15";2,04;0,67;6,19;0,57;1,26;"0.21";"With Study Status"
"Full sample";"t1";"cross-sectional";"Multinom_bipolar_With_Control";"Multinomial";"gender";"Non-binary";"batchb16";0,29;0,1;0,84;0,54;-2,29;"0.02";"With Study Status"
"Full sample";"t1";"cross-sectional";"Multinom_bipolar_With_Control";"Multinomial";"gender";"Non-binary";"batchb17";0,64;0,14;2,89;0,77;-0,58;"0.56";"With Study Status"
"Full sample";"t1";"cross-sectional";"Multinom_bipolar_With_Control";"Multinomial";"gender";"Non-binary";"batchb18";0,1;0;81854930;10,45;-0,22;"0.83";"With Study Status"
"Full sample";"t1";"cross-sectional";"Multinom_bipolar_With_Control";"Multinomial";"gender";"Non-binary";"batchb19";1,31;0,28;6,16;0,79;0,35;"0.73";"With Study Status"
"Full sample";"t1";"cross-sectional";"Multinom_bipolar_With_Control";"Multinomial";"gender";"Non-binary";"batchb20";0;0;14934360000;14,97;-0,4;"0.69";"With Study Status"
"Full sample";"t1";"cross-sectional";"Multinom_bipolar_With_Control";"Multinomial";"gender";"Non-binary";"batchb21";5,48;2,69;11,17;0,36;4,68;"2.80e-06";"With Study Status"
"Full sample";"t1";"cross-sectional";"Multinom_bipolar_With_Control";"Multinomial";"gender";"Non-binary";"batchb24";9,15;4,52;18,52;0,36;6,15;"7.89e-10";"With Study Status"
"Full sample";"t1";"cross-sectional";"Multinom_bipolar_With_Control";"Multinomial";"gender";"Trans woman";"Intercept";0;0;0;1,9;-4,86;"1.17e-06";"With Study Status"
"Full sample";"t1";"cross-sectional";"Multinom_bipolar_With_Control";"Multinomial";"gender";"Trans woman";"SCORE";1;1;1;0;-344,35;"0.00e+00";"With Study Status"
"Full sample";"t1";"cross-sectional";"Multinom_bipolar_With_Control";"Multinomial";"gender";"Trans woman";"study_statusGLAD";1,46;0,3;7,18;0,81;0,47;"0.64";"With Study Status"
"Full sample";"t1";"cross-sectional";"Multinom_bipolar_With_Control";"Multinomial";"gender";"Trans woman";"pc1";0,97;0,66;1,43;0,2;-0,14;"0.89";"With Study Status"
"Full sample";"t1";"cross-sectional";"Multinom_bipolar_With_Control";"Multinomial";"gender";"Trans woman";"pc2";0,7;0,32;1,51;0,4;-0,92;"0.36";"With Study Status"
"Full sample";"t1";"cross-sectional";"Multinom_bipolar_With_Control";"Multinomial";"gender";"Trans woman";"pc3";0,82;0,47;1,43;0,28;-0,69;"0.49";"With Study Status"
"Full sample";"t1";"cross-sectional";"Multinom_bipolar_With_Control";"Multinomial";"gender";"Trans woman";"pc4";0,78;0,47;1,31;0,26;-0,93;"0.35";"With Study Status"
"Full sample";"t1";"cross-sectional";"Multinom_bipolar_With_Control";"Multinomial";"gender";"Trans woman";"pc5";21,42;2,14;214,49;1,18;2,61;"0.009";"With Study Status"
"Full sample";"t1";"cross-sectional";"Multinom_bipolar_With_Control";"Multinomial";"gender";"Trans woman";"pc6";2,52;1,09;5,84;0,43;2,15;"0.03";"With Study Status"
"Full sample";"t1";"cross-sectional";"Multinom_bipolar_With_Control";"Multinomial";"gender";"Trans woman";"batchb02";1,01;0;4672,67;4,31;0;"1.00";"With Study Status"
"Full sample";"t1";"cross-sectional";"Multinom_bipolar_With_Control";"Multinomial";"gender";"Trans woman";"batchb03";16,38;0,41;653,82;1,88;1,49;"0.14";"With Study Status"
"Full sample";"t1";"cross-sectional";"Multinom_bipolar_With_Control";"Multinomial";"gender";"Trans woman";"batchb04";4,61;0,09;249,65;2,04;0,75;"0.45";"With Study Status"
"Full sample";"t1";"cross-sectional";"Multinom_bipolar_With_Control";"Multinomial";"gender";"Trans woman";"batchb05";0,56;0;4723,9;4,61;-0,13;"0.90";"With Study Status"
"Full sample";"t1";"cross-sectional";"Multinom_bipolar_With_Control";"Multinomial";"gender";"Trans woman";"batchb06";7,12;0,14;363,04;2,01;0,98;"0.33";"With Study Status"
"Full sample";"t1";"cross-sectional";"Multinom_bipolar_With_Control";"Multinomial";"gender";"Trans woman";"batchb07";17,78;0,35;913,83;2,01;1,43;"0.15";"With Study Status"
"Full sample";"t1";"cross-sectional";"Multinom_bipolar_With_Control";"Multinomial";"gender";"Trans woman";"batchb08";7,58;0,22;265,83;1,81;1,12;"0.26";"With Study Status"
"Full sample";"t1";"cross-sectional";"Multinom_bipolar_With_Control";"Multinomial";"gender";"Trans woman";"batchb09";10,12;0,3;344,54;1,8;1,29;"0.20";"With Study Status"
"Full sample";"t1";"cross-sectional";"Multinom_bipolar_With_Control";"Multinomial";"gender";"Trans woman";"batchb10";0,8;0;857,41;3,56;-0,06;"0.95";"With Study Status"
"Full sample";"t1";"cross-sectional";"Multinom_bipolar_With_Control";"Multinomial";"gender";"Trans woman";"batchb11";0,36;0;13481830;8,9;-0,12;"0.91";"With Study Status"
"Full sample";"t1";"cross-sectional";"Multinom_bipolar_With_Control";"Multinomial";"gender";"Trans woman";"batchb12";8,62;0,25;299,9;1,81;1,19;"0.23";"With Study Status"
"Full sample";"t1";"cross-sectional";"Multinom_bipolar_With_Control";"Multinomial";"gender";"Trans woman";"batchb15";0,35;0;44455,14;6;-0,18;"0.86";"With Study Status"
"Full sample";"t1";"cross-sectional";"Multinom_bipolar_With_Control";"Multinomial";"gender";"Trans woman";"batchb16";0,24;0;103,56;3,1;-0,46;"0.64";"With Study Status"
"Full sample";"t1";"cross-sectional";"Multinom_bipolar_With_Control";"Multinomial";"gender";"Trans woman";"batchb17";0,59;0;1135,78;3,86;-0,14;"0.89";"With Study Status"
"Full sample";"t1";"cross-sectional";"Multinom_bipolar_With_Control";"Multinomial";"gender";"Trans woman";"batchb18";0,61;0;2,523874e+22;26,57;-0,02;"0.99";"With Study Status"
"Full sample";"t1";"cross-sectional";"Multinom_bipolar_With_Control";"Multinomial";"gender";"Trans woman";"batchb19";0,63;0;50927,56;5,77;-0,08;"0.94";"With Study Status"
"Full sample";"t1";"cross-sectional";"Multinom_bipolar_With_Control";"Multinomial";"gender";"Trans woman";"batchb20";0,49;0;76162,25;6,1;-0,12;"0.91";"With Study Status"
"Full sample";"t1";"cross-sectional";"Multinom_bipolar_With_Control";"Multinomial";"gender";"Trans woman";"batchb21";7,24;0,19;273,25;1,85;1,07;"0.29";"With Study Status"
"Full sample";"t1";"cross-sectional";"Multinom_bipolar_With_Control";"Multinomial";"gender";"Trans woman";"batchb24";17,39;0,5;608,32;1,81;1,57;"0.12";"With Study Status"
"Full sample";"t1";"cross-sectional";"Multinom_bipolar_With_Control";"Multinomial";"gender";"Self-define";"Intercept";0;0;0;0,98;-7,83;"4.79e-15";"With Study Status"
"Full sample";"t1";"cross-sectional";"Multinom_bipolar_With_Control";"Multinomial";"gender";"Self-define";"SCORE";1;1;1;0;31,68;"2.66e-220";"With Study Status"
"Full sample";"t1";"cross-sectional";"Multinom_bipolar_With_Control";"Multinomial";"gender";"Self-define";"study_statusGLAD";2,62;0,7;9,86;0,68;1,43;"0.15";"With Study Status"
"Full sample";"t1";"cross-sectional";"Multinom_bipolar_With_Control";"Multinomial";"gender";"Self-define";"pc1";1,12;1,04;1,21;0,04;2,91;"0.004";"With Study Status"
"Full sample";"t1";"cross-sectional";"Multinom_bipolar_With_Control";"Multinomial";"gender";"Self-define";"pc2";0,96;0,82;1,12;0,08;-0,55;"0.58";"With Study Status"
"Full sample";"t1";"cross-sectional";"Multinom_bipolar_With_Control";"Multinomial";"gender";"Self-define";"pc3";1,01;0,81;1,25;0,11;0,09;"0.93";"With Study Status"
"Full sample";"t1";"cross-sectional";"Multinom_bipolar_With_Control";"Multinomial";"gender";"Self-define";"pc4";0,99;0,78;1,25;0,12;-0,11;"0.91";"With Study Status"
"Full sample";"t1";"cross-sectional";"Multinom_bipolar_With_Control";"Multinomial";"gender";"Self-define";"pc5";0,58;0,18;1,89;0,6;-0,9;"0.37";"With Study Status"
"Full sample";"t1";"cross-sectional";"Multinom_bipolar_With_Control";"Multinomial";"gender";"Self-define";"pc6";0,87;0,64;1,2;0,16;-0,83;"0.41";"With Study Status"
"Full sample";"t1";"cross-sectional";"Multinom_bipolar_With_Control";"Multinomial";"gender";"Self-define";"batchb02";3,15;0,25;39,47;1,29;0,89;"0.37";"With Study Status"
"Full sample";"t1";"cross-sectional";"Multinom_bipolar_With_Control";"Multinomial";"gender";"Self-define";"batchb03";1,55;0,12;19,44;1,29;0,34;"0.74";"With Study Status"
"Full sample";"t1";"cross-sectional";"Multinom_bipolar_With_Control";"Multinomial";"gender";"Self-define";"batchb04";0,69;0,04;11,91;1,45;-0,25;"0.80";"With Study Status"
"Full sample";"t1";"cross-sectional";"Multinom_bipolar_With_Control";"Multinomial";"gender";"Self-define";"batchb05";0,06;0;8483,45;6,06;-0,47;"0.64";"With Study Status"
"Full sample";"t1";"cross-sectional";"Multinom_bipolar_With_Control";"Multinomial";"gender";"Self-define";"batchb06";4,68;0,71;30,79;0,96;1,6;"0.11";"With Study Status"
"Full sample";"t1";"cross-sectional";"Multinom_bipolar_With_Control";"Multinomial";"gender";"Self-define";"batchb07";0,06;0;253123,9;7,8;-0,36;"0.72";"With Study Status"
"Full sample";"t1";"cross-sectional";"Multinom_bipolar_With_Control";"Multinomial";"gender";"Self-define";"batchb08";6,99;1,41;34,54;0,82;2,38;"0.02";"With Study Status"
"Full sample";"t1";"cross-sectional";"Multinom_bipolar_With_Control";"Multinomial";"gender";"Self-define";"batchb09";4,46;0,88;22,6;0,83;1,81;"0.07";"With Study Status"
"Full sample";"t1";"cross-sectional";"Multinom_bipolar_With_Control";"Multinomial";"gender";"Self-define";"batchb10";0,05;0;4275,85;5,77;-0,51;"0.61";"With Study Status"
"Full sample";"t1";"cross-sectional";"Multinom_bipolar_With_Control";"Multinomial";"gender";"Self-define";"batchb11";0,07;0;5837937;9,32;-0,29;"0.77";"With Study Status"
"Full sample";"t1";"cross-sectional";"Multinom_bipolar_With_Control";"Multinomial";"gender";"Self-define";"batchb12";6,32;1,27;31,47;0,82;2,25;"0.02";"With Study Status"
"Full sample";"t1";"cross-sectional";"Multinom_bipolar_With_Control";"Multinomial";"gender";"Self-define";"batchb15";2,14;0,17;27,36;1,3;0,58;"0.56";"With Study Status"
"Full sample";"t1";"cross-sectional";"Multinom_bipolar_With_Control";"Multinomial";"gender";"Self-define";"batchb16";1,4;0,24;8,32;0,91;0,37;"0.71";"With Study Status"
"Full sample";"t1";"cross-sectional";"Multinom_bipolar_With_Control";"Multinomial";"gender";"Self-define";"batchb17";1,65;0,13;20,19;1,28;0,39;"0.70";"With Study Status"
"Full sample";"t1";"cross-sectional";"Multinom_bipolar_With_Control";"Multinomial";"gender";"Self-define";"batchb18";0,32;0;3,1212e+11;14,08;-0,08;"0.94";"With Study Status"
"Full sample";"t1";"cross-sectional";"Multinom_bipolar_With_Control";"Multinomial";"gender";"Self-define";"batchb19";6,86;0,83;56,36;1,07;1,79;"0.07";"With Study Status"
"Full sample";"t1";"cross-sectional";"Multinom_bipolar_With_Control";"Multinomial";"gender";"Self-define";"batchb20";0,04;0;4273766;9,47;-0,35;"0.73";"With Study Status"
"Full sample";"t1";"cross-sectional";"Multinom_bipolar_With_Control";"Multinomial";"gender";"Self-define";"batchb21";12,11;2,45;59,75;0,81;3,06;"0.002";"With Study Status"
"Full sample";"t1";"cross-sectional";"Multinom_bipolar_With_Control";"Multinomial";"gender";"Self-define";"batchb24";14,91;3;73,95;0,82;3,31;"9.46e-04";"With Study Status"
"Full sample";"t1";"cross-sectional";"Multinom_bipolar_With_Control";"Multinomial";"gender";"Trans man";"Intercept";0;0;0;2,22;-4,35;"1.38e-05";"With Study Status"
"Full sample";"t1";"cross-sectional";"Multinom_bipolar_With_Control";"Multinomial";"gender";"Trans man";"SCORE";1;1;1;0;201,74;"0.00e+00";"With Study Status"
"Full sample";"t1";"cross-sectional";"Multinom_bipolar_With_Control";"Multinomial";"gender";"Trans man";"study_statusGLAD";2,53;0,64;10,04;0,7;1,32;"0.19";"With Study Status"
"Full sample";"t1";"cross-sectional";"Multinom_bipolar_With_Control";"Multinomial";"gender";"Trans man";"pc1";0,93;0,73;1,18;0,12;-0,59;"0.56";"With Study Status"
"Full sample";"t1";"cross-sectional";"Multinom_bipolar_With_Control";"Multinomial";"gender";"Trans man";"pc2";0,95;0,62;1,46;0,22;-0,22;"0.82";"With Study Status"
"Full sample";"t1";"cross-sectional";"Multinom_bipolar_With_Control";"Multinomial";"gender";"Trans man";"pc3";0,95;0,69;1,3;0,16;-0,35;"0.73";"With Study Status"
"Full sample";"t1";"cross-sectional";"Multinom_bipolar_With_Control";"Multinomial";"gender";"Trans man";"pc4";0,99;0,75;1,3;0,14;-0,08;"0.94";"With Study Status"
"Full sample";"t1";"cross-sectional";"Multinom_bipolar_With_Control";"Multinomial";"gender";"Trans man";"pc5";0,52;0,12;2,23;0,75;-0,89;"0.37";"With Study Status"
"Full sample";"t1";"cross-sectional";"Multinom_bipolar_With_Control";"Multinomial";"gender";"Trans man";"pc6";0,72;0,47;1,11;0,22;-1,49;"0.14";"With Study Status"
"Full sample";"t1";"cross-sectional";"Multinom_bipolar_With_Control";"Multinomial";"gender";"Trans man";"batchb02";0,86;0;68983,42;5,76;-0,03;"0.98";"With Study Status"
"Full sample";"t1";"cross-sectional";"Multinom_bipolar_With_Control";"Multinomial";"gender";"Trans man";"batchb03";12,2;0,12;1233,86;2,36;1,06;"0.29";"With Study Status"
"Full sample";"t1";"cross-sectional";"Multinom_bipolar_With_Control";"Multinomial";"gender";"Trans man";"batchb04";21,58;0,28;1666,15;2,22;1,39;"0.17";"With Study Status"
"Full sample";"t1";"cross-sectional";"Multinom_bipolar_With_Control";"Multinomial";"gender";"Trans man";"batchb05";0,34;0;393216,8;7,12;-0,15;"0.88";"With Study Status"
"Full sample";"t1";"cross-sectional";"Multinom_bipolar_With_Control";"Multinomial";"gender";"Trans man";"batchb06";28,76;0,37;2236,12;2,22;1,51;"0.13";"With Study Status"
"Full sample";"t1";"cross-sectional";"Multinom_bipolar_With_Control";"Multinomial";"gender";"Trans man";"batchb07";0,21;0;1108159000;11,43;-0,14;"0.89";"With Study Status"
"Full sample";"t1";"cross-sectional";"Multinom_bipolar_With_Control";"Multinomial";"gender";"Trans man";"batchb08";48,76;0,72;3288,65;2,15;1,81;"0.07";"With Study Status"
"Full sample";"t1";"cross-sectional";"Multinom_bipolar_With_Control";"Multinomial";"gender";"Trans man";"batchb09";43,08;0,64;2911,03;2,15;1,75;"0.08";"With Study Status"
"Full sample";"t1";"cross-sectional";"Multinom_bipolar_With_Control";"Multinomial";"gender";"Trans man";"batchb10";0,54;0;18092,99;5,32;-0,12;"0.91";"With Study Status"
"Full sample";"t1";"cross-sectional";"Multinom_bipolar_With_Control";"Multinomial";"gender";"Trans man";"batchb11";0,3;0;6350703000;12,12;-0,1;"0.92";"With Study Status"
"Full sample";"t1";"cross-sectional";"Multinom_bipolar_With_Control";"Multinomial";"gender";"Trans man";"batchb12";37,03;0,55;2515,07;2,15;1,68;"0.09";"With Study Status"
"Full sample";"t1";"cross-sectional";"Multinom_bipolar_With_Control";"Multinomial";"gender";"Trans man";"batchb15";17,39;0,17;1771,94;2,36;1,21;"0.23";"With Study Status"
"Full sample";"t1";"cross-sectional";"Multinom_bipolar_With_Control";"Multinomial";"gender";"Trans man";"batchb16";2,32;0,02;229,93;2,35;0,36;"0.72";"With Study Status"
"Full sample";"t1";"cross-sectional";"Multinom_bipolar_With_Control";"Multinomial";"gender";"Trans man";"batchb17";14,04;0,14;1409,24;2,35;1,12;"0.26";"With Study Status"
"Full sample";"t1";"cross-sectional";"Multinom_bipolar_With_Control";"Multinomial";"gender";"Trans man";"batchb18";0,56;0;1,494964e+25;29,87;-0,02;"0.98";"With Study Status"
"Full sample";"t1";"cross-sectional";"Multinom_bipolar_With_Control";"Multinomial";"gender";"Trans man";"batchb19";0,31;0;54577840;9,69;-0,12;"0.90";"With Study Status"
"Full sample";"t1";"cross-sectional";"Multinom_bipolar_With_Control";"Multinomial";"gender";"Trans man";"batchb20";0,3;0;38954470;9,54;-0,13;"0.90";"With Study Status"
"Full sample";"t1";"cross-sectional";"Multinom_bipolar_With_Control";"Multinomial";"gender";"Trans man";"batchb21";79,4;1,18;5358,41;2,15;2,04;"0.04";"With Study Status"
"Full sample";"t1";"cross-sectional";"Multinom_bipolar_With_Control";"Multinomial";"gender";"Trans man";"batchb24";106,74;1,58;7209,07;2,15;2,17;"0.03";"With Study Status"
"Full sample";"t1";"cross-sectional";"Multinom_bipolar_No_Control";"Multinomial";"gender";"Cis man";"Intercept";0,89;0,82;0,96;0,04;-2,86;"0.004";"Without Study Status"
"Full sample";"t1";"cross-sectional";"Multinom_bipolar_No_Control";"Multinomial";"gender";"Cis man";"SCORE";0,99;0,99;0,99;0;-11016,49;"0.00e+00";"Without Study Status"
"Full sample";"t1";"cross-sectional";"Multinom_bipolar_No_Control";"Multinomial";"gender";"Cis man";"pc1";0,96;0,94;0,99;0,01;-3;"0.003";"Without Study Status"
"Full sample";"t1";"cross-sectional";"Multinom_bipolar_No_Control";"Multinomial";"gender";"Cis man";"pc2";1,02;0,98;1,06;0,02;0,84;"0.40";"Without Study Status"
"Full sample";"t1";"cross-sectional";"Multinom_bipolar_No_Control";"Multinomial";"gender";"Cis man";"pc3";0,99;0,96;1,03;0,02;-0,3;"0.76";"Without Study Status"
"Full sample";"t1";"cross-sectional";"Multinom_bipolar_No_Control";"Multinomial";"gender";"Cis man";"pc4";0,99;0,96;1,02;0,02;-0,49;"0.62";"Without Study Status"
"Full sample";"t1";"cross-sectional";"Multinom_bipolar_No_Control";"Multinomial";"gender";"Cis man";"pc5";1,38;1,14;1,67;0,1;3,33;"8.67e-04";"Without Study Status"
"Full sample";"t1";"cross-sectional";"Multinom_bipolar_No_Control";"Multinomial";"gender";"Cis man";"pc6";1;0,95;1,06;0,03;0,06;"0.95";"Without Study Status"
"Full sample";"t1";"cross-sectional";"Multinom_bipolar_No_Control";"Multinomial";"gender";"Cis man";"batchb02";1,25;1,07;1,46;0,08;2,79;"0.005";"Without Study Status"
"Full sample";"t1";"cross-sectional";"Multinom_bipolar_No_Control";"Multinomial";"gender";"Cis man";"batchb03";0,84;0,74;0,95;0,07;-2,7;"0.007";"Without Study Status"
"Full sample";"t1";"cross-sectional";"Multinom_bipolar_No_Control";"Multinomial";"gender";"Cis man";"batchb04";0,92;0,83;1,03;0,06;-1,47;"0.14";"Without Study Status"
"Full sample";"t1";"cross-sectional";"Multinom_bipolar_No_Control";"Multinomial";"gender";"Cis man";"batchb05";0,79;0,68;0,91;0,07;-3,21;"0.001";"Without Study Status"
"Full sample";"t1";"cross-sectional";"Multinom_bipolar_No_Control";"Multinomial";"gender";"Cis man";"batchb06";0,84;0,75;0,95;0,06;-2,7;"0.007";"Without Study Status"
"Full sample";"t1";"cross-sectional";"Multinom_bipolar_No_Control";"Multinomial";"gender";"Cis man";"batchb07";1,11;0,95;1,31;0,08;1,29;"0.20";"Without Study Status"
"Full sample";"t1";"cross-sectional";"Multinom_bipolar_No_Control";"Multinomial";"gender";"Cis man";"batchb08";0,46;0,42;0,5;0,05;-17,11;"1.23e-65";"Without Study Status"
"Full sample";"t1";"cross-sectional";"Multinom_bipolar_No_Control";"Multinomial";"gender";"Cis man";"batchb09";0,42;0,39;0,46;0,05;-18,77;"1.22e-78";"Without Study Status"
"Full sample";"t1";"cross-sectional";"Multinom_bipolar_No_Control";"Multinomial";"gender";"Cis man";"batchb10";0,98;0,86;1,11;0,06;-0,34;"0.73";"Without Study Status"
"Full sample";"t1";"cross-sectional";"Multinom_bipolar_No_Control";"Multinomial";"gender";"Cis man";"batchb11";0,68;0,54;0,86;0,12;-3,19;"0.001";"Without Study Status"
"Full sample";"t1";"cross-sectional";"Multinom_bipolar_No_Control";"Multinomial";"gender";"Cis man";"batchb12";0,25;0,23;0,28;0,05;-26,57;"1.57e-155";"Without Study Status"
"Full sample";"t1";"cross-sectional";"Multinom_bipolar_No_Control";"Multinomial";"gender";"Cis man";"batchb15";0,89;0,76;1,03;0,08;-1,58;"0.12";"Without Study Status"
"Full sample";"t1";"cross-sectional";"Multinom_bipolar_No_Control";"Multinomial";"gender";"Cis man";"batchb16";0,28;0,26;0,31;0,05;-24,76;"2.52e-135";"Without Study Status"
"Full sample";"t1";"cross-sectional";"Multinom_bipolar_No_Control";"Multinomial";"gender";"Cis man";"batchb17";0,69;0,6;0,79;0,07;-5,22;"1.79e-07";"Without Study Status"
"Full sample";"t1";"cross-sectional";"Multinom_bipolar_No_Control";"Multinomial";"gender";"Cis man";"batchb18";0,26;0,09;0,76;0,55;-2,47;"0.01";"Without Study Status"
"Full sample";"t1";"cross-sectional";"Multinom_bipolar_No_Control";"Multinomial";"gender";"Cis man";"batchb19";0,8;0,67;0,96;0,09;-2,37;"0.02";"Without Study Status"
"Full sample";"t1";"cross-sectional";"Multinom_bipolar_No_Control";"Multinomial";"gender";"Cis man";"batchb20";0,91;0,76;1,08;0,09;-1,13;"0.26";"Without Study Status"
"Full sample";"t1";"cross-sectional";"Multinom_bipolar_No_Control";"Multinomial";"gender";"Cis man";"batchb21";0,3;0,26;0,33;0,06;-21,3;"1.21e-100";"Without Study Status"
"Full sample";"t1";"cross-sectional";"Multinom_bipolar_No_Control";"Multinomial";"gender";"Cis man";"batchb24";0,29;0,25;0,33;0,06;-19,29;"6.31e-83";"Without Study Status"
"Full sample";"t1";"cross-sectional";"Multinom_bipolar_No_Control";"Multinomial";"gender";"Non-binary";"Intercept";0,01;0;0,01;0,33;-15,88;"8.08e-57";"Without Study Status"
"Full sample";"t1";"cross-sectional";"Multinom_bipolar_No_Control";"Multinomial";"gender";"Non-binary";"SCORE";1;1;1;0;240,7;"0.00e+00";"Without Study Status"
"Full sample";"t1";"cross-sectional";"Multinom_bipolar_No_Control";"Multinomial";"gender";"Non-binary";"pc1";1,08;1,02;1,15;0,03;2,69;"0.007";"Without Study Status"
"Full sample";"t1";"cross-sectional";"Multinom_bipolar_No_Control";"Multinomial";"gender";"Non-binary";"pc2";0,97;0,87;1,09;0,06;-0,49;"0.62";"Without Study Status"
"Full sample";"t1";"cross-sectional";"Multinom_bipolar_No_Control";"Multinomial";"gender";"Non-binary";"pc3";0,96;0,84;1,1;0,07;-0,59;"0.55";"Without Study Status"
"Full sample";"t1";"cross-sectional";"Multinom_bipolar_No_Control";"Multinomial";"gender";"Non-binary";"pc4";1,1;0,96;1,26;0,07;1,34;"0.18";"Without Study Status"
"Full sample";"t1";"cross-sectional";"Multinom_bipolar_No_Control";"Multinomial";"gender";"Non-binary";"pc5";0,89;0,43;1,85;0,37;-0,31;"0.75";"Without Study Status"
"Full sample";"t1";"cross-sectional";"Multinom_bipolar_No_Control";"Multinomial";"gender";"Non-binary";"pc6";0,89;0,72;1,1;0,11;-1,07;"0.29";"Without Study Status"
"Full sample";"t1";"cross-sectional";"Multinom_bipolar_No_Control";"Multinomial";"gender";"Non-binary";"batchb02";0;0;0;0;-32653,65;"0.00e+00";"Without Study Status"
"Full sample";"t1";"cross-sectional";"Multinom_bipolar_No_Control";"Multinomial";"gender";"Non-binary";"batchb03";0,8;0,22;2,92;0,66;-0,34;"0.74";"Without Study Status"
"Full sample";"t1";"cross-sectional";"Multinom_bipolar_No_Control";"Multinomial";"gender";"Non-binary";"batchb04";0,54;0,15;1,91;0,65;-0,96;"0.34";"Without Study Status"
"Full sample";"t1";"cross-sectional";"Multinom_bipolar_No_Control";"Multinomial";"gender";"Non-binary";"batchb05";0,41;0,06;2,75;0,97;-0,92;"0.36";"Without Study Status"
"Full sample";"t1";"cross-sectional";"Multinom_bipolar_No_Control";"Multinomial";"gender";"Non-binary";"batchb06";0,53;0,12;2,25;0,74;-0,87;"0.39";"Without Study Status"
"Full sample";"t1";"cross-sectional";"Multinom_bipolar_No_Control";"Multinomial";"gender";"Non-binary";"batchb07";0;0;0;0;-36451,12;"0.00e+00";"Without Study Status"
"Full sample";"t1";"cross-sectional";"Multinom_bipolar_No_Control";"Multinomial";"gender";"Non-binary";"batchb08";3,04;1,54;5,99;0,35;3,22;"0.001";"Without Study Status"
"Full sample";"t1";"cross-sectional";"Multinom_bipolar_No_Control";"Multinomial";"gender";"Non-binary";"batchb09";3,55;1,81;6,93;0,34;3,7;"2.12e-04";"Without Study Status"
"Full sample";"t1";"cross-sectional";"Multinom_bipolar_No_Control";"Multinomial";"gender";"Non-binary";"batchb10";0,34;0,05;2,24;0,96;-1,12;"0.26";"Without Study Status"
"Full sample";"t1";"cross-sectional";"Multinom_bipolar_No_Control";"Multinomial";"gender";"Non-binary";"batchb11";1,07;0,14;7,88;1,02;0,07;"0.95";"Without Study Status"
"Full sample";"t1";"cross-sectional";"Multinom_bipolar_No_Control";"Multinomial";"gender";"Non-binary";"batchb12";3,47;1,77;6,79;0,34;3,62;"2.90e-04";"Without Study Status"
"Full sample";"t1";"cross-sectional";"Multinom_bipolar_No_Control";"Multinomial";"gender";"Non-binary";"batchb15";2,2;0,77;6,24;0,53;1,48;"0.14";"Without Study Status"
"Full sample";"t1";"cross-sectional";"Multinom_bipolar_No_Control";"Multinomial";"gender";"Non-binary";"batchb16";0,39;0,15;1,03;0,5;-1,9;"0.06";"Without Study Status"
"Full sample";"t1";"cross-sectional";"Multinom_bipolar_No_Control";"Multinomial";"gender";"Non-binary";"batchb17";0,61;0,14;2,7;0,76;-0,65;"0.52";"Without Study Status"
"Full sample";"t1";"cross-sectional";"Multinom_bipolar_No_Control";"Multinomial";"gender";"Non-binary";"batchb18";0,05;0;33996620000;13,87;-0,21;"0.83";"Without Study Status"
"Full sample";"t1";"cross-sectional";"Multinom_bipolar_No_Control";"Multinomial";"gender";"Non-binary";"batchb19";1,36;0,31;5,92;0,75;0,42;"0.68";"Without Study Status"
"Full sample";"t1";"cross-sectional";"Multinom_bipolar_No_Control";"Multinomial";"gender";"Non-binary";"batchb20";0;0;0;0;-255341,12;"0.00e+00";"Without Study Status"
"Full sample";"t1";"cross-sectional";"Multinom_bipolar_No_Control";"Multinomial";"gender";"Non-binary";"batchb21";6,12;3,14;11,93;0,34;5,32;"1.06e-07";"Without Study Status"
"Full sample";"t1";"cross-sectional";"Multinom_bipolar_No_Control";"Multinomial";"gender";"Non-binary";"batchb24";10,32;5,33;19,99;0,34;6,92;"4.53e-12";"Without Study Status"
"Full sample";"t1";"cross-sectional";"Multinom_bipolar_No_Control";"Multinomial";"gender";"Trans woman";"Intercept";0;0;0,01;2,53;-3,84;"1.23e-04";"Without Study Status"
"Full sample";"t1";"cross-sectional";"Multinom_bipolar_No_Control";"Multinomial";"gender";"Trans woman";"SCORE";1;1;1;0;-372,49;"0.00e+00";"Without Study Status"
"Full sample";"t1";"cross-sectional";"Multinom_bipolar_No_Control";"Multinomial";"gender";"Trans woman";"pc1";1,01;0,72;1,4;0,17;0,03;"0.98";"Without Study Status"
"Full sample";"t1";"cross-sectional";"Multinom_bipolar_No_Control";"Multinomial";"gender";"Trans woman";"pc2";0,69;0,37;1,3;0,32;-1,15;"0.25";"Without Study Status"
"Full sample";"t1";"cross-sectional";"Multinom_bipolar_No_Control";"Multinomial";"gender";"Trans woman";"pc3";0,91;0,53;1,57;0,28;-0,34;"0.73";"Without Study Status"
"Full sample";"t1";"cross-sectional";"Multinom_bipolar_No_Control";"Multinomial";"gender";"Trans woman";"pc4";0,76;0,45;1,27;0,26;-1,04;"0.30";"Without Study Status"
"Full sample";"t1";"cross-sectional";"Multinom_bipolar_No_Control";"Multinomial";"gender";"Trans woman";"pc5";17,48;1,78;171,8;1,17;2,45;"0.01";"Without Study Status"
"Full sample";"t1";"cross-sectional";"Multinom_bipolar_No_Control";"Multinomial";"gender";"Trans woman";"pc6";2,79;1,21;6,44;0,43;2,4;"0.02";"Without Study Status"
"Full sample";"t1";"cross-sectional";"Multinom_bipolar_No_Control";"Multinomial";"gender";"Trans woman";"batchb02";0,52;0;3988491;8,08;-0,08;"0.94";"Without Study Status"
"Full sample";"t1";"cross-sectional";"Multinom_bipolar_No_Control";"Multinomial";"gender";"Trans woman";"batchb03";32,47;0,2;5188,87;2,59;1,34;"0.18";"Without Study Status"
"Full sample";"t1";"cross-sectional";"Multinom_bipolar_No_Control";"Multinomial";"gender";"Trans woman";"batchb04";7,69;0,04;1665,86;2,74;0,74;"0.46";"Without Study Status"
"Full sample";"t1";"cross-sectional";"Multinom_bipolar_No_Control";"Multinomial";"gender";"Trans woman";"batchb05";0,6;0;171438,5;6,41;-0,08;"0.94";"Without Study Status"
"Full sample";"t1";"cross-sectional";"Multinom_bipolar_No_Control";"Multinomial";"gender";"Trans woman";"batchb06";13,73;0,07;2669,15;2,69;0,97;"0.33";"Without Study Status"
"Full sample";"t1";"cross-sectional";"Multinom_bipolar_No_Control";"Multinomial";"gender";"Trans woman";"batchb07";35,76;0,19;6872,18;2,68;1,33;"0.18";"Without Study Status"
"Full sample";"t1";"cross-sectional";"Multinom_bipolar_No_Control";"Multinomial";"gender";"Trans woman";"batchb08";16,8;0,12;2410,36;2,53;1,11;"0.27";"Without Study Status"
"Full sample";"t1";"cross-sectional";"Multinom_bipolar_No_Control";"Multinomial";"gender";"Trans woman";"batchb09";22,45;0,16;3154,75;2,52;1,23;"0.22";"Without Study Status"
"Full sample";"t1";"cross-sectional";"Multinom_bipolar_No_Control";"Multinomial";"gender";"Trans woman";"batchb10";0,77;0;19655,42;5,18;-0,05;"0.96";"Without Study Status"
"Full sample";"t1";"cross-sectional";"Multinom_bipolar_No_Control";"Multinomial";"gender";"Trans woman";"batchb11";0,4;0;8132433000;12,11;-0,08;"0.94";"Without Study Status"
"Full sample";"t1";"cross-sectional";"Multinom_bipolar_No_Control";"Multinomial";"gender";"Trans woman";"batchb12";20,04;0,14;2841,18;2,53;1,19;"0.24";"Without Study Status"
"Full sample";"t1";"cross-sectional";"Multinom_bipolar_No_Control";"Multinomial";"gender";"Trans woman";"batchb15";0,43;0;1801830;7,78;-0,11;"0.91";"Without Study Status"
"Full sample";"t1";"cross-sectional";"Multinom_bipolar_No_Control";"Multinomial";"gender";"Trans woman";"batchb16";0,7;0;492,9;3,35;-0,11;"0.91";"Without Study Status"
"Full sample";"t1";"cross-sectional";"Multinom_bipolar_No_Control";"Multinomial";"gender";"Trans woman";"batchb17";0,49;0;64057,06;6,01;-0,12;"0.91";"Without Study Status"
"Full sample";"t1";"cross-sectional";"Multinom_bipolar_No_Control";"Multinomial";"gender";"Trans woman";"batchb18";0,45;0;4,628113e+37;44,66;-0,02;"0.99";"Without Study Status"
"Full sample";"t1";"cross-sectional";"Multinom_bipolar_No_Control";"Multinomial";"gender";"Trans woman";"batchb19";0,9;0;800994,7;6,99;-0,01;"0.99";"Without Study Status"
"Full sample";"t1";"cross-sectional";"Multinom_bipolar_No_Control";"Multinomial";"gender";"Trans woman";"batchb20";0,79;0;801251,1;7,06;-0,03;"0.97";"Without Study Status"
"Full sample";"t1";"cross-sectional";"Multinom_bipolar_No_Control";"Multinomial";"gender";"Trans woman";"batchb21";15,7;0,1;2376,54;2,56;1,08;"0.28";"Without Study Status"
"Full sample";"t1";"cross-sectional";"Multinom_bipolar_No_Control";"Multinomial";"gender";"Trans woman";"batchb24";39,21;0,27;5594,43;2,53;1,45;"0.15";"Without Study Status"
"Full sample";"t1";"cross-sectional";"Multinom_bipolar_No_Control";"Multinomial";"gender";"Self-define";"Intercept";0;0;0;0,99;-7,41;"1.23e-13";"Without Study Status"
"Full sample";"t1";"cross-sectional";"Multinom_bipolar_No_Control";"Multinomial";"gender";"Self-define";"SCORE";1;1;1;0;29,65;"3.17e-193";"Without Study Status"
"Full sample";"t1";"cross-sectional";"Multinom_bipolar_No_Control";"Multinomial";"gender";"Self-define";"pc1";1,11;1,01;1,21;0,04;2,28;"0.02";"Without Study Status"
"Full sample";"t1";"cross-sectional";"Multinom_bipolar_No_Control";"Multinomial";"gender";"Self-define";"pc2";0,98;0,83;1,14;0,08;-0,31;"0.75";"Without Study Status"
"Full sample";"t1";"cross-sectional";"Multinom_bipolar_No_Control";"Multinomial";"gender";"Self-define";"pc3";1,02;0,82;1,28;0,11;0,21;"0.84";"Without Study Status"
"Full sample";"t1";"cross-sectional";"Multinom_bipolar_No_Control";"Multinomial";"gender";"Self-define";"pc4";0,95;0,75;1,21;0,12;-0,4;"0.69";"Without Study Status"
"Full sample";"t1";"cross-sectional";"Multinom_bipolar_No_Control";"Multinomial";"gender";"Self-define";"pc5";0,48;0,15;1,56;0,61;-1,23;"0.22";"Without Study Status"
"Full sample";"t1";"cross-sectional";"Multinom_bipolar_No_Control";"Multinomial";"gender";"Self-define";"pc6";0,86;0,63;1,18;0,16;-0,94;"0.35";"Without Study Status"
"Full sample";"t1";"cross-sectional";"Multinom_bipolar_No_Control";"Multinomial";"gender";"Self-define";"batchb02";5,32;0,35;81,15;1,39;1,2;"0.23";"Without Study Status"
"Full sample";"t1";"cross-sectional";"Multinom_bipolar_No_Control";"Multinomial";"gender";"Self-define";"batchb03";2,48;0,16;39,23;1,41;0,64;"0.52";"Without Study Status"
"Full sample";"t1";"cross-sectional";"Multinom_bipolar_No_Control";"Multinomial";"gender";"Self-define";"batchb04";1,24;0,06;23,77;1,51;0,14;"0.89";"Without Study Status"
"Full sample";"t1";"cross-sectional";"Multinom_bipolar_No_Control";"Multinomial";"gender";"Self-define";"batchb05";0;0;0;0,02;-401,36;"0.00e+00";"Without Study Status"
"Full sample";"t1";"cross-sectional";"Multinom_bipolar_No_Control";"Multinomial";"gender";"Self-define";"batchb06";7,11;0,77;65,39;1,13;1,73;"0.08";"Without Study Status"
"Full sample";"t1";"cross-sectional";"Multinom_bipolar_No_Control";"Multinomial";"gender";"Self-define";"batchb07";0,01;0;3,583906e+24;31,49;-0,16;"0.87";"Without Study Status"
"Full sample";"t1";"cross-sectional";"Multinom_bipolar_No_Control";"Multinomial";"gender";"Self-define";"batchb08";13,26;1,87;94,3;1;2,58;"0.010";"Without Study Status"
"Full sample";"t1";"cross-sectional";"Multinom_bipolar_No_Control";"Multinomial";"gender";"Self-define";"batchb09";8,53;1,18;61,89;1,01;2,12;"0.03";"Without Study Status"
"Full sample";"t1";"cross-sectional";"Multinom_bipolar_No_Control";"Multinomial";"gender";"Self-define";"batchb10";0;0;0;0,02;-437,56;"0.00e+00";"Without Study Status"
"Full sample";"t1";"cross-sectional";"Multinom_bipolar_No_Control";"Multinomial";"gender";"Self-define";"batchb11";0,02;0;8,413838e+15;20,66;-0,18;"0.85";"Without Study Status"
"Full sample";"t1";"cross-sectional";"Multinom_bipolar_No_Control";"Multinomial";"gender";"Self-define";"batchb12";12,21;1,71;87,13;1;2,5;"0.01";"Without Study Status"
"Full sample";"t1";"cross-sectional";"Multinom_bipolar_No_Control";"Multinomial";"gender";"Self-define";"batchb15";3,83;0,25;58,77;1,39;0,97;"0.33";"Without Study Status"
"Full sample";"t1";"cross-sectional";"Multinom_bipolar_No_Control";"Multinomial";"gender";"Self-define";"batchb16";2,62;0,31;21,81;1,08;0,89;"0.37";"Without Study Status"
"Full sample";"t1";"cross-sectional";"Multinom_bipolar_No_Control";"Multinomial";"gender";"Self-define";"batchb17";2,69;0,17;42,87;1,41;0,7;"0.48";"Without Study Status"
"Full sample";"t1";"cross-sectional";"Multinom_bipolar_No_Control";"Multinomial";"gender";"Self-define";"batchb18";0,19;0;6,512229e+18;22,95;-0,07;"0.94";"Without Study Status"
"Full sample";"t1";"cross-sectional";"Multinom_bipolar_No_Control";"Multinomial";"gender";"Self-define";"batchb19";12,2;1,15;129,55;1,21;2,08;"0.04";"Without Study Status"
"Full sample";"t1";"cross-sectional";"Multinom_bipolar_No_Control";"Multinomial";"gender";"Self-define";"batchb20";0;0;1,796482e+27;34,78;-0,16;"0.88";"Without Study Status"
"Full sample";"t1";"cross-sectional";"Multinom_bipolar_No_Control";"Multinomial";"gender";"Self-define";"batchb21";23,11;3,26;163,76;1;3,14;"0.002";"Without Study Status"
"Full sample";"t1";"cross-sectional";"Multinom_bipolar_No_Control";"Multinomial";"gender";"Self-define";"batchb24";28,89;4,06;205,56;1;3,36;"7.82e-04";"Without Study Status"
"Full sample";"t1";"cross-sectional";"Multinom_bipolar_No_Control";"Multinomial";"gender";"Trans man";"Intercept";0;0;0,74;5,36;-2,02;"0.04";"Without Study Status"
"Full sample";"t1";"cross-sectional";"Multinom_bipolar_No_Control";"Multinomial";"gender";"Trans man";"SCORE";1;1;1;0;219,28;"0.00e+00";"Without Study Status"
"Full sample";"t1";"cross-sectional";"Multinom_bipolar_No_Control";"Multinomial";"gender";"Trans man";"pc1";0,87;0,65;1,17;0,15;-0,91;"0.36";"Without Study Status"
"Full sample";"t1";"cross-sectional";"Multinom_bipolar_No_Control";"Multinomial";"gender";"Trans man";"pc2";1;0,62;1,62;0,24;0,02;"0.98";"Without Study Status"
"Full sample";"t1";"cross-sectional";"Multinom_bipolar_No_Control";"Multinomial";"gender";"Trans man";"pc3";0,91;0,64;1,29;0,18;-0,52;"0.60";"Without Study Status"
"Full sample";"t1";"cross-sectional";"Multinom_bipolar_No_Control";"Multinomial";"gender";"Trans man";"pc4";0,95;0,72;1,25;0,14;-0,36;"0.72";"Without Study Status"
"Full sample";"t1";"cross-sectional";"Multinom_bipolar_No_Control";"Multinomial";"gender";"Trans man";"pc5";0,53;0,11;2,52;0,79;-0,79;"0.43";"Without Study Status"
"Full sample";"t1";"cross-sectional";"Multinom_bipolar_No_Control";"Multinomial";"gender";"Trans man";"pc6";0,75;0,49;1,16;0,22;-1,28;"0.20";"Without Study Status"
"Full sample";"t1";"cross-sectional";"Multinom_bipolar_No_Control";"Multinomial";"gender";"Trans man";"batchb02";1,51;0;9079212000;11,49;0,04;"0.97";"Without Study Status"
"Full sample";"t1";"cross-sectional";"Multinom_bipolar_No_Control";"Multinomial";"gender";"Trans man";"batchb03";78,17;0;3399382;5,45;0,8;"0.42";"Without Study Status"
"Full sample";"t1";"cross-sectional";"Multinom_bipolar_No_Control";"Multinomial";"gender";"Trans man";"batchb04";138,22;0;5372438;5,39;0,91;"0.36";"Without Study Status"
"Full sample";"t1";"cross-sectional";"Multinom_bipolar_No_Control";"Multinomial";"gender";"Trans man";"batchb05";0,1;0;1,005193e+26;31,71;-0,07;"0.94";"Without Study Status"
"Full sample";"t1";"cross-sectional";"Multinom_bipolar_No_Control";"Multinomial";"gender";"Trans man";"batchb06";198,42;0,01;7700365;5,39;0,98;"0.33";"Without Study Status"
"Full sample";"t1";"cross-sectional";"Multinom_bipolar_No_Control";"Multinomial";"gender";"Trans man";"batchb07";0,32;0;2,190867e+19;23,3;-0,05;"0.96";"Without Study Status"
"Full sample";"t1";"cross-sectional";"Multinom_bipolar_No_Control";"Multinomial";"gender";"Trans man";"batchb08";374,88;0,01;13772220;5,36;1,11;"0.27";"Without Study Status"
"Full sample";"t1";"cross-sectional";"Multinom_bipolar_No_Control";"Multinomial";"gender";"Trans man";"batchb09";330,55;0,01;12152750;5,36;1,08;"0.28";"Without Study Status"
"Full sample";"t1";"cross-sectional";"Multinom_bipolar_No_Control";"Multinomial";"gender";"Trans man";"batchb10";0,15;0;2,314272e+19;23,71;-0,08;"0.94";"Without Study Status"
"Full sample";"t1";"cross-sectional";"Multinom_bipolar_No_Control";"Multinomial";"gender";"Trans man";"batchb11";0,25;0;2,422594e+28;34,05;-0,04;"0.97";"Without Study Status"
"Full sample";"t1";"cross-sectional";"Multinom_bipolar_No_Control";"Multinomial";"gender";"Trans man";"batchb12";292,34;0,01;10763640;5,36;1,06;"0.29";"Without Study Status"
"Full sample";"t1";"cross-sectional";"Multinom_bipolar_No_Control";"Multinomial";"gender";"Trans man";"batchb15";118,69;0;5163843;5,45;0,88;"0.38";"Without Study Status"
"Full sample";"t1";"cross-sectional";"Multinom_bipolar_No_Control";"Multinomial";"gender";"Trans man";"batchb16";14,66;0;658694,5;5,47;0,49;"0.62";"Without Study Status"
"Full sample";"t1";"cross-sectional";"Multinom_bipolar_No_Control";"Multinomial";"gender";"Trans man";"batchb17";93,85;0;4075618;5,45;0,83;"0.40";"Without Study Status"
"Full sample";"t1";"cross-sectional";"Multinom_bipolar_No_Control";"Multinomial";"gender";"Trans man";"batchb18";0,32;0,15;0,71;0,4;-2,83;"0.005";"Without Study Status"
"Full sample";"t1";"cross-sectional";"Multinom_bipolar_No_Control";"Multinomial";"gender";"Trans man";"batchb19";0,16;0;4,612927e+28;34,62;-0,05;"0.96";"Without Study Status"
"Full sample";"t1";"cross-sectional";"Multinom_bipolar_No_Control";"Multinomial";"gender";"Trans man";"batchb20";0,23;0;1,377309e+23;27,94;-0,05;"0.96";"Without Study Status"
"Full sample";"t1";"cross-sectional";"Multinom_bipolar_No_Control";"Multinomial";"gender";"Trans man";"batchb21";620,98;0,02;22807670;5,36;1,2;"0.23";"Without Study Status"
"Full sample";"t1";"cross-sectional";"Multinom_bipolar_No_Control";"Multinomial";"gender";"Trans man";"batchb24";839,13;0,02;30828730;5,36;1,26;"0.21";"Without Study Status"
