"phenotype";"term";"estimate";"std.error";"statistic";"p.value"
"ADHD";"(Intercept)";4,02020794805867e-07;6,52928818338947e-09;61,5719177212317;0
"ADHD";"batchb02";-2,95218499082861e-09;1,35163136975196e-08;-0,218416430462869;0,827106000578825
"ADHD";"batchb03";-1,19447402387538e-09;1,09708955324505e-08;-0,108876619993535;0,913301005585593
"ADHD";"batchb04";8,90906631106276e-09;9,24053118634184e-09;0,964129240127559;0,334988121386241
"ADHD";"batchb05";-4,63788883163188e-09;1,23857072159311e-08;-0,374454906028007;0,708068279448017
"ADHD";"batchb06";-6,97312351670923e-09;1,04165715613792e-08;-0,669425969535218;0,503228421840191
"ADHD";"batchb07";1,72140745916913e-08;1,42280807817446e-08;1,20986623956886;0,226338794350041
"ADHD";"batchb08";1,90443115052646e-08;6,89317380332028e-09;2,76277837301758;0,0057343045072088
"ADHD";"batchb09";2,01237079010557e-08;6,88713263563877e-09;2,92192832136291;0,00348104823541053
"ADHD";"batchb10";4,19749725568677e-09;1,09424208642091e-08;0,383598593745932;0,701278426325125
"ADHD";"batchb11";1,13280694887911e-10;1,89958462388795e-08;0,00596344555874827;0,995241922709796
"ADHD";"batchb12";2,35425156687914e-08;7,01310045279422e-09;3,35693404468653;0,000788998943892822
"ADHD";"batchb15";2,32270799899476e-08;1,2279976289305e-08;1,89145967734293;0,0585716605596281
"ADHD";"batchb16";3,41899031658644e-08;7,04458418400321e-09;4,85336001002055;1,21934776551129e-06
"ADHD";"batchb17";7,43105336757464e-09;1,14206210667588e-08;0,650669812450365;0,51526413401603
"ADHD";"batchb18";3,2324339905735e-08;7,22788761799866e-08;0,447216968692789;0,654721313446389
"ADHD";"batchb19";1,97328705928848e-08;1,51983290225095e-08;1,29835790261281;0,194173350916315
"ADHD";"batchb20";6,91514662700068e-09;1,43294572244839e-08;0,482582593232154;0,629395306655571
"ADHD";"batchb21";3,02112150645891e-08;7,58831344473709e-09;3,98128191258918;6,86896670688778e-05
"ADHD";"batchb24";2,85412647951858e-08;8,16176124676047e-09;3,49694924076765;0,000471223018010387
"ADHD";"genderCis man";-9,28955546281791e-09;3,36832114228135e-09;-2,75791858033054;0,00582023318369906
"ADHD";"genderNon-binary";3,3784314277383e-08;1,42285109624866e-08;2,37440968815748;0,0175826577115671
"ADHD";"genderSelf-define";-3,87768883881111e-09;2,31323902310298e-08;-0,16763027080572;0,866875171331722
"ADHD";"genderTrans man";2,80042961436969e-08;2,50172349930677e-08;1,11940013160755;0,262977532220316
"ADHD";"genderTrans woman";1,29161265566605e-07;4,84754054430284e-08;2,66447004179066;0,0077146804994284
"ADHD";"pc1";1,21968732161859e-08;1,45925752134781e-09;8,35827332582154;6,60782687582387e-17
"ADHD";"pc2";8,24695774143947e-09;2,48159581218289e-09;3,32324776700247;0,000890715322591235
"ADHD";"pc3";-4,14896669882970e-11;2,31444577129197e-09;-0,0179263940866226;0,985697680135134
"ADHD";"pc4";6,42294708728511e-09;2,16916785729182e-09;2,96101892976788;0,00306838857056795
"ADHD";"pc5";5,03829982938391e-08;1,21585824820166e-08;4,14382172990634;3,42406739726326e-05
"ADHD";"pc6";6,85523984061769e-10;3,4667625780286e-09;0,197741832223076;0,843248262996679
"Anorexia Nervosa";"(Intercept)";1,59141366673836e-06;1,14435526237322e-08;139,066400012704;0
"Anorexia Nervosa";"batchb02";3,19204816054929e-08;2,36893582779712e-08;1,34746079783747;0,177841019801037
"Anorexia Nervosa";"batchb03";3,4901616946005e-08;1,92281328115452e-08;1,81513292466177;0,0695124576448435
"Anorexia Nervosa";"batchb04";7,47822917560614e-09;1,61954108827905e-08;0,461749888886897;0,644263700359171
"Anorexia Nervosa";"batchb05";-1,06651965432919e-08;2,17078015744847e-08;-0,49130707716749;0,623212506388792
"Anorexia Nervosa";"batchb06";-1,80889089917648e-09;1,82565972696329e-08;-0,0990814921565532;0,921074162057136
"Anorexia Nervosa";"batchb07";-2,30265281067176e-09;2,49368363882024e-08;-0,0923394120579442;0,926428930137715
"Anorexia Nervosa";"batchb08";3,9787262586518e-08;1,20813165152527e-08;3,29328865246486;0,000991257335950819
"Anorexia Nervosa";"batchb09";2,88360454756507e-08;1,20707284667043e-08;2,38892338231214;0,0169033471785631
"Anorexia Nervosa";"batchb10";2,26128145191463e-08;1,9178226703052e-08;1,17908787237079;0,238371594115183
"Anorexia Nervosa";"batchb11";2,03600412592918e-08;3,32930573687891e-08;0,611540148859339;0,540846213364855
"Anorexia Nervosa";"batchb12";3,22999901469553e-08;1,22915058782731e-08;2,62783018344807;0,00859707201359221
"Anorexia Nervosa";"batchb15";2,73280524864427e-08;2,15224923357411e-08;1,26974385959291;0,204184738764095
"Anorexia Nervosa";"batchb16";3,62093963577683e-08;1,23466858189897e-08;2,93272193758075;0,00336232993138403
"Anorexia Nervosa";"batchb17";4,31973457509651e-09;2,00163439723247e-08;0,215810368820057;0,829136884676848
"Anorexia Nervosa";"batchb18";3,63722351772966e-08;1,26679524615579e-07;0,287120079489338;0,774022160758361
"Anorexia Nervosa";"batchb19";4,14753182897259e-08;2,66373413267841e-08;1,55703670951658;0,119471253533202
"Anorexia Nervosa";"batchb20";2,36498016989348e-08;2,51145137436369e-08;0,941678662001838;0,346363999877189
"Anorexia Nervosa";"batchb21";2,94269829149479e-08;1,32996525488241e-08;2,2126129090154;0,026931088171684
"Anorexia Nervosa";"batchb24";3,71390799822264e-08;1,43047054604283e-08;2,59628414474984;0,00942794004759386
"Anorexia Nervosa";"genderCis man";1,55803588335986e-09;5,90348582612516e-09;0,263917951062906;0,791844772717616
"Anorexia Nervosa";"genderNon-binary";-1,1285634506638e-08;2,49375903441958e-08;-0,45255513266801;0,650872054985315
"Anorexia Nervosa";"genderSelf-define";-2,07127874543823e-10;4,05429684655269e-08;-0,00510884827587157;0,995923777108773
"Anorexia Nervosa";"genderTrans man";-8,16963758110213e-09;4,38464403932662e-08;-0,186323849959706;0,852191938002739
"Anorexia Nervosa";"genderTrans woman";7,16426953710593e-08;8,49603873444099e-08;0,84324821967485;0,399095679879683
"Anorexia Nervosa";"pc1";3,61668608456393e-08;2,5575667313327e-09;14,1411210908243;2,86406045301714e-45
"Anorexia Nervosa";"pc2";2,32110977399002e-08;4,34936726177802e-09;5,33666079291071;9,52907367038714e-08
"Anorexia Nervosa";"pc3";7,6125389398303e-09;4,05641185296938e-09;1,87666815297804;0,0605723093555282
"Anorexia Nervosa";"pc4";-5,8244171625876e-09;3,80179061291505e-09;-1,53201944967761;0,125527115128656
"Anorexia Nervosa";"pc5";1,80868826958239e-07;2,1309731559546e-08;8,48761639501817;2,19503559194038e-17
"Anorexia Nervosa";"pc6";-1,156319603384e-08;6,07601914349278e-09;-1,90308749211625;0,0570377268919616
"Anxiety";"(Intercept)";9,45185154197688e-07;1,16465274572369e-08;81,1559632403882;0
"Anxiety";"batchb02";4,43185110539296e-09;2,41095375448829e-08;0,183821489613499;0,854154614059969
"Anxiety";"batchb03";1,02509870486725e-08;1,95691831116012e-08;0,523833161057983;0,600398065583904
"Anxiety";"batchb04";-1,49996623631239e-09;1,64826696507239e-08;-0,0910026268861436;0,927491049992612
"Anxiety";"batchb05";1,60670366402725e-08;2,20928338765337e-08;0,727251050275554;0,467077280436678
"Anxiety";"batchb06";2,2391663524477e-09;1,85804153978845e-08;0,120512179329567;0,90407815781191
"Anxiety";"batchb07";-1,12432736541945e-08;2,53791422332887e-08;-0,443012358370695;0,657759667615955
"Anxiety";"batchb08";1,5838932361341e-08;1,22956033970306e-08;1,2881785342203;0,197692754640738
"Anxiety";"batchb09";1,15174003026118e-08;1,22848275477649e-08;0,93753048285218;0,348492536655034
"Anxiety";"batchb10";-5,555389700978e-09;1,9518391816104e-08;-0,284623331333806;0,775934500664063
"Anxiety";"batchb11";-1,06434591163699e-08;3,38835779001737e-08;-0,31411851333195;0,753432992737389
"Anxiety";"batchb12";2,67111922460786e-08;1,25095208987127e-08;2,13526900529239;0,0327463037236657
"Anxiety";"batchb15";2,08498007042094e-08;2,19042377990681e-08;0,951861502576291;0,341174120221941
"Anxiety";"batchb16";2,15845034725331e-08;1,25656795686446e-08;1,71773467201832;0,0858542998127692
"Anxiety";"batchb17";1,29951133690546e-08;2,03713748109761e-08;0,637910474360953;0,523536336264892
"Anxiety";"batchb18";2,06215232913789e-07;1,28926445328294e-07;1,59947970634488;0,109723521544812
"Anxiety";"batchb19";-3,02517896318032e-08;2,71098091083015e-08;-1,11589829020742;0,264473709419151
"Anxiety";"batchb20";-2,13451884481529e-08;2,55599710603704e-08;-0,835102215011802;0,403666138526304
"Anxiety";"batchb21";2,54277606509916e-08;1,35355491143863e-08;1,8785909929554;0,0603090725696243
"Anxiety";"batchb24";1,46308890944028e-08;1,45584286969644e-08;1,00497721278489;0,31491510983543
"Anxiety";"genderCis man";-1,47809668645415e-10;6,00819623311627e-09;-0,0246013383901661;0,98037309884715
"Anxiety";"genderNon-binary";2,88971773542908e-08;2,53799095622352e-08;1,13858472519103;0,254884576425147
"Anxiety";"genderSelf-define";4,64440073593686e-09;4,12620810125354e-08;0,112558567623526;0,910381211539793
"Anxiety";"genderTrans man";5,65989651430078e-08;4,46241467779199e-08;1,26834839945921;0,204682408636505
"Anxiety";"genderTrans woman";5,60245738159167e-08;8,64673337484458e-08;0,647927620607634;0,517036223093351
"Anxiety";"pc1";1,43896318627195e-09;2,6029304132712e-09;0,552824301001408;0,580387429746597
"Anxiety";"pc2";1,14402843830363e-08;4,42651219437347e-09;2,58449178058926;0,0097564685433659
"Anxiety";"pc3";2,07039112445919e-09;4,12836062163896e-09;0,501504426141253;0,616019472086176
"Anxiety";"pc4";1,4426788873419e-08;3,86922315262094e-09;3,72860088559291;0,000192864024313098
"Anxiety";"pc5";1,55962347730017e-07;2,16877032749343e-08;7,19128004256086;6,55346659902635e-13
"Anxiety";"pc6";4,81473718365214e-09;6,18378978208488e-09;0,778606219377146;0,436217235317174
"Bipolar Disorder";"(Intercept)";1,06057414542543e-06;1,92355919397526e-08;55,1360285010847;0
"Bipolar Disorder";"batchb02";4,12402834012831e-08;3,98196997149859e-08;1,03567539927386;0,300361108154627
"Bipolar Disorder";"batchb03";-9,42037384424849e-09;3,23207773571303e-08;-0,291464952719346;0,770697556206166
"Bipolar Disorder";"batchb04";-1,68473575603134e-08;2,72230421164773e-08;-0,618863883331987;0,53601025762752
"Bipolar Disorder";"batchb05";-1,22997489175729e-09;3,64888795224262e-08;-0,0337082121417663;0,973110031965748
"Bipolar Disorder";"batchb06";-7,35668983507093e-08;3,06877127089688e-08;-2,39727538667972;0,0165229677394241
"Bipolar Disorder";"batchb07";-2,41428199111753e-09;4,19165992243582e-08;-0,0575972773505576;0,954069763303865
"Bipolar Disorder";"batchb08";8,68063964304442e-08;2,03076161943321e-08;4,27457342111243;1,92034590189934e-05
"Bipolar Disorder";"batchb09";6,38421167232739e-08;2,02898186284876e-08;3,14650997587713;0,00165376852602239
"Bipolar Disorder";"batchb10";-1,7966658696221e-09;3,22368896371328e-08;-0,0557332264323843;0,955554663437832
"Bipolar Disorder";"batchb11";6,02651582572303e-08;5,59626618612026e-08;1,07688155375273;0,281540970140135
"Bipolar Disorder";"batchb12";8,18967686098673e-08;2,06609257783463e-08;3,9638479654043;7,39047527830634e-05
"Bipolar Disorder";"batchb15";4,13148444949792e-08;3,61773912096319e-08;1,14200729001099;0,253459183930795
"Bipolar Disorder";"batchb16";8,57190605074191e-08;2,07536783402286e-08;4,1303068835399;3,63160757188358e-05
"Bipolar Disorder";"batchb17";-1,96681373509584e-08;3,36456900612209e-08;-0,584566323804644;0,558843309133532
"Bipolar Disorder";"batchb18";1,35488479125823e-07;2,12936989302926e-07;0,636284374872401;0,524595451497598
"Bipolar Disorder";"batchb19";-1,5187519755323e-08;4,47749964516542e-08;-0,339196447993506;0,734463879430196
"Bipolar Disorder";"batchb20";4,52850271465137e-08;4,22152590215776e-08;1,07271702687805;0,283405856041839
"Bipolar Disorder";"batchb21";9,75209462752242e-08;2,23555304704176e-08;4,36227386347512;1,29103275117911e-05
"Bipolar Disorder";"batchb24";4,01107726798738e-08;2,40449348294612e-08;1,66815892679101;0,0952935644175507
"Bipolar Disorder";"genderCis man";-1,44133341331648e-08;9,92323346667335e-09;-1,45248362658918;0,146376581192266
"Bipolar Disorder";"genderNon-binary";-5,28825859576784e-09;4,19178665571793e-08;-0,126157627525109;0,899607911709692
"Bipolar Disorder";"genderSelf-define";3,65647685713368e-10;6,81491161941971e-08;0,00536540612898664;0,995719077900309
"Bipolar Disorder";"genderTrans man";8,0832193432383e-08;7,37019580498494e-08;1,09674417846146;0,27276115286739
"Bipolar Disorder";"genderTrans woman";-2,55604583279398e-07;1,42810838184217e-07;-1,78981221964179;0,0734931683651737
"Bipolar Disorder";"pc1";3,0392536770418e-08;4,29904170673162e-09;7,06960733198473;1,58422349387193e-12
"Bipolar Disorder";"pc2";2,86237175538291e-08;7,31089868632032e-09;3,91521190238732;9,05042849695858e-05
"Bipolar Disorder";"pc3";3,30522073160529e-08;6,81846675668513e-09;4,84745449314495;1,25617356055959e-06
"Bipolar Disorder";"pc4";1,07757371024902e-08;6,39047114781086e-09;1,68621950608158;0,0917628765526731
"Bipolar Disorder";"pc5";5,23410007503831e-07;3,58197593092737e-08;14,6123262019888;3,30374583788391e-48
"Bipolar Disorder";"pc6";-3,54429264462794e-08;1,02132465944159e-08;-3,47028989446487;0,00052055360902111
"Cannabis Use Disorder";"(Intercept)";5,20049759552668e-07;7,12409963297827e-09;72,9986645814579;0
"Cannabis Use Disorder";"batchb02";-9,74271676858963e-09;1,47476359975478e-08;-0,660629050663414;0,508854794423005
"Cannabis Use Disorder";"batchb03";-6,59593758148177e-09;1,19703328511379e-08;-0,551023740401233;0,581621089537009
"Cannabis Use Disorder";"batchb04";4,64707635793477e-10;1,00823340897427e-08;0,0460912752599864;0,963237775766181
"Cannabis Use Disorder";"batchb05";-1,05148638366709e-09;1,35140324263319e-08;-0,0778070046375122;0,937982040958389
"Cannabis Use Disorder";"batchb06";-6,95295850701341e-09;1,13655105354517e-08;-0,611759452892636;0,540701088007198
"Cannabis Use Disorder";"batchb07";8,38983884594271e-09;1,5524244332342e-08;0,540434604502067;0,588900955659796
"Cannabis Use Disorder";"batchb08";2,00618847441942e-08;7,52113485926681e-09;2,66740127914019;0,00764772362903261
"Cannabis Use Disorder";"batchb09";5,49259739503524e-09;7,51454334741225e-09;0,730928965487531;0,464827674646004
"Cannabis Use Disorder";"batchb10";-4,67722421280751e-09;1,1939264169856e-08;-0,391751463596598;0,695244362311163
"Cannabis Use Disorder";"batchb11";-2,02441958736325e-08;2,07263483273397e-08;-0,976737221333329;0,328706343657913
"Cannabis Use Disorder";"batchb12";1,88257436295517e-08;7,65198670337367e-09;2,46024259572375;0,013889342756888
"Cannabis Use Disorder";"batchb15";1,44331587767081e-08;1,33986695208489e-08;1,07720835671404;0,281394980105607
"Cannabis Use Disorder";"batchb16";2,49189005896491e-08;7,68633857017001e-09;3,24197280176509;0,00118821832791114
"Cannabis Use Disorder";"batchb17";2,98731742277001e-08;1,2461027919868e-08;2,39732824770178;0,0165205844045508
"Cannabis Use Disorder";"batchb18";1,99562051694755e-08;7,88634075879645e-08;0,253047716042657;0,800232899497881
"Cannabis Use Disorder";"batchb19";3,33770898573978e-09;1,65828811916425e-08;0,201274371272824;0,840485268041291
"Cannabis Use Disorder";"batchb20";2,08947284793591e-08;1,56348560649271e-08;1,33641962500897;0,181421267686468
"Cannabis Use Disorder";"batchb21";2,1398111730795e-08;8,27960100828512e-09;2,58443754830488;0,00975800270317511
"Cannabis Use Disorder";"batchb24";1,81376030618784e-08;8,90528931628781e-09;2,03672249353029;0,0416857360246934
"Cannabis Use Disorder";"genderCis man";-7,52832396671436e-09;3,67517173993423e-09;-2,04842780132204;0,0405259066198311
"Cannabis Use Disorder";"genderNon-binary";2,21906664264766e-08;1,55247137021079e-08;1,42937685372347;0,152905308849194
"Cannabis Use Disorder";"genderSelf-define";-4,35378843647416e-09;2,52397272299964e-08;-0,172497444080927;0,863047516714205
"Cannabis Use Disorder";"genderTrans man";-3,86033013897702e-09;2,72962794145999e-08;-0,141423308295718;0,887536395678498
"Cannabis Use Disorder";"genderTrans woman";2,7604689394257e-09;5,28914651069785e-08;0,0521911982177534;0,958376658589681
"Cannabis Use Disorder";"pc1";2,23559133221331e-08;1,59219438325634e-09;14,0409447220954;1,17338325346617e-44
"Cannabis Use Disorder";"pc2";4,30361462984961e-09;2,70766664270514e-09;1,5894181957163;0,111975482955371
"Cannabis Use Disorder";"pc3";1,90553122760845e-09;2,52528940470963e-09;0,754579346056204;0,450506745267944
"Cannabis Use Disorder";"pc4";1,74696209215053e-09;2,36677682190752e-09;0,738118641343865;0,460447547557706
"Cannabis Use Disorder";"pc5";9,64927306607242e-08;1,32662168623571e-08;7,27356801580125;3,57806667139068e-13
"Cannabis Use Disorder";"pc6";4,2039968001105e-09;3,78258108940374e-09;1,11140956419607;0,266400105005733
"Depression";"(Intercept)";-1,28698217501313e-07;6,86830454719256e-09;-18,737989356328;6,10281800234243e-78
"Depression";"batchb02";6,37649111973377e-09;1,42181132494849e-08;0,44847660219367;0,653812180706203
"Depression";"batchb03";9,43411488372356e-09;1,1540530844388e-08;0,817476683779345;0,413661905228033
"Depression";"batchb04";4,22629077614197e-09;9,72032181503123e-09;0,434789182556338;0,663718269173777
"Depression";"batchb05";-2,31822780542187e-09;1,30288029570804e-08;-0,177930989750831;0,858778252924255
"Depression";"batchb06";-7,73833672724239e-09;1,09574250380288e-08;-0,706218541343952;0,480057172215754
"Depression";"batchb07";2,67591949446115e-09;1,49668369945267e-08;0,178789913689828;0,858103750814702
"Depression";"batchb08";4,36932265953557e-08;7,25108398467962e-09;6,0257510032531;1,70087222249534e-09
"Depression";"batchb09";4,68716088130163e-08;7,24472914502607e-09;6,46975309562766;9,95208555280551e-11
"Depression";"batchb10";-4,44609550940275e-09;1,15105777028098e-08;-0,386261717195778;0,699305312535389
"Depression";"batchb11";2,79671527636615e-08;1,99821563140958e-08;1,39960634498354;0,161640528980378
"Depression";"batchb12";5,33256653494701e-08;7,3772375145555e-09;7,22840565242166;4,99172098472458e-13
"Depression";"batchb15";3,40204616564892e-08;1,29175822261634e-08;2,63365551392303;0,00845100994261973
"Depression";"batchb16";5,91212735018041e-08;7,41035595689588e-09;7,97819616840233;1,53202546520104e-15
"Depression";"batchb17";1,94731681539886e-08;1,20136072112937e-08;1,62092598929673;0,105042960770654
"Depression";"batchb18";1,11565502985268e-07;7,60317694654522e-08;1,46735376237642;0,142289270297007
"Depression";"batchb19";-5,36020795811218e-10;1,59874628601309e-08;-0,033527570978628;0,973254080256404
"Depression";"batchb20";4,8460775216088e-08;1,50734771462688e-08;3,21496989353141;0,00130582327423247
"Depression";"batchb21";5,43783100346784e-08;7,98231695004682e-09;6,81234663757111;9,76470392765527e-12
"Depression";"batchb24";4,87413378716672e-08;8,58553954270778e-09;5,67714325106873;1,38097961260898e-08
"Depression";"genderCis man";-6,77220989542946e-10;3,54321248628456e-09;-0,191131915504476;0,848423406420132
"Depression";"genderNon-binary";1,56549404102252e-09;1,49672895112886e-08;0,1045943582398;0,916698320250354
"Depression";"genderSelf-define";-1,80066950288623e-08;2,43334796303533e-08;-0,739996716556762;0,459307192757083
"Depression";"genderTrans man";-1,0266990470432e-08;2,63161900707947e-08;-0,390139698900646;0,69643573884293
"Depression";"genderTrans woman";-5,25045981065524e-09;5,09923652134647e-08;-0,10296560649179;0,917990886606965
"Depression";"pc1";6,69510791197917e-09;1,53502568547911e-09;4,36156083596053;1,29524567253473e-05
"Depression";"pc2";7,40059883926599e-09;2,61044624197637e-09;2,83499377242988;0,00458541169921603
"Depression";"pc3";5,87359488622766e-09;2,43461736849592e-09;2,41253305847247;0,0158474583692757
"Depression";"pc4";-7,87393292148507e-10;2,28179627539847e-09;-0,345076070391518;0,730039357810268
"Depression";"pc5";1,04020485136083e-07;1,27898853601067e-08;8,13302717008992;4,33060050909689e-16
"Depression";"pc6";-1,23404550281044e-08;3,64676523840463e-09;-3,38394555759862;0,000715343465190837
"PTSD";"(Intercept)";4,71913948017248e-07;5,6192282035781e-09;83,981986657305;0
"PTSD";"batchb02";9,31545870293212e-09;1,16323937624213e-08;0,800820441019276;0,423241305179534
"PTSD";"batchb03";-7,08242937890773e-09;9,44175901919715e-09;-0,750117574967505;0,453189184129708
"PTSD";"batchb04";3,15602158117564e-09;7,9525749208668e-09;0,396855309453864;0,691476699538176
"PTSD";"batchb05";-6,57938270281152e-09;1,06593725616337e-08;-0,617239210353968;0,537081168052202
"PTSD";"batchb06";-1,43904112280633e-08;8,9646973848083e-09;-1,6052311205116;0,108452414050586
"PTSD";"batchb07";1,01656905919096e-09;1,22449539009416e-08;0,0830194272199583;0,933836590216876
"PTSD";"batchb08";3,12187159558385e-08;5,9323950114996e-09;5,26241356068213;1,43053796740114e-07
"PTSD";"batchb09";2,50779922190785e-08;5,92719586897977e-09;4,23100447048244;2,33270433094327e-05
"PTSD";"batchb10";-4,92565305811815e-09;9,41725318420023e-09;-0,523045622940472;0,60094597773604
"PTSD";"batchb11";5,41263954437313e-09;1,63481825182563e-08;0,331085093913575;0,740582289581679
"PTSD";"batchb12";3,71421481946268e-08;6,03560614143548e-09;6,15383895573296;7,64887295594932e-10
"PTSD";"batchb15";2,60916441960468e-08;1,05683785377523e-08;2,46884080683166;0,0135601219415073
"PTSD";"batchb16";4,28288939489335e-08;6,06270163261222e-09;7,06432487433493;1,64557291009607e-12
"PTSD";"batchb17";5,15057406663488e-09;9,82880127177889e-09;0,524028711560539;0,600262050680476
"PTSD";"batchb18";9,58093335219366e-09;6,22045601520179e-08;0,154023006171564;0,877592527164916
"PTSD";"batchb19";5,69101852950803e-09;1,30799677839018e-08;0,435094231387348;0,6634968443121
"PTSD";"batchb20";2,11067081252991e-08;1,23322003740975e-08;1,71151193501782;0,0869959426289587
"PTSD";"batchb21";3,69981081773443e-08;6,53064526003539e-09;5,66530667402134;1,47968357109469e-08
"PTSD";"batchb24";3,31855426348351e-08;7,02416522299357e-09;4,72448206744944;2,31641083570159e-06
"PTSD";"genderCis man";-1,82947947464369e-09;2,89884052132467e-09;-0,631107320732388;0,527974677399161
"PTSD";"genderNon-binary";2,38001496552109e-09;1,22453241225783e-08;0,194361124433835;0,845894310806346
"PTSD";"genderSelf-define";5,61038752023339e-09;1,99081700717487e-08;0,281813320863426;0,778088403778569
"PTSD";"genderTrans man";1,1546505374499e-08;2,15303029212612e-08;0,53629089273504;0,591761098756819
"PTSD";"genderTrans woman";4,68015893340629e-08;4,17188455762024e-08;1,12183327912505;0,261941405958819
"PTSD";"pc1";7,75903522831005e-09;1,25586446637501e-09;6,17824250630015;6,5567046769792e-10
"PTSD";"pc2";6,5901486994255e-09;2,13570802605629e-09;3,08569739825092;0,00203241524300349
"PTSD";"pc3";3,76406083595548e-09;1,99185555736101e-09;1,88972579966714;0,0588033015671458
"PTSD";"pc4";1,7544608944786e-09;1,86682665240573e-09;0,939809217003448;0,347322232950026
"PTSD";"pc5";7,97876375708288e-08;1,04639047442092e-08;7,62503477633276;2,50435118116005e-14
"PTSD";"pc6";-5,31794451585076e-09;2,98356107226603e-09;-1,78241517000748;0,0746906428582222
"Schizophrenia";"(Intercept)";9,7627620750369e-07;2,12950175174739e-08;45,8452878332969;0
"Schizophrenia";"batchb02";9,75782145767874e-09;4,4082927399742e-08;0,221351485331164;0,824820118964101
"Schizophrenia";"batchb03";2,8763534934932e-08;3,5781145813146e-08;0,803874059403775;0,421475439281454
"Schizophrenia";"batchb04";-1,54380624254526e-08;3,01376303139009e-08;-0,51225203390765;0,608478020736254
"Schizophrenia";"batchb05";4,64666219858352e-09;4,03954986702143e-08;0,115029207499541;0,908422663577091
"Schizophrenia";"batchb06";-3,26429020509975e-08;3,39732399062892e-08;-0,960841595945478;0,336638782421614
"Schizophrenia";"batchb07";1,61634557561351e-10;4,64043278497164e-08;0,00348317851052202;0,997220852085238
"Schizophrenia";"batchb08";1,01561413505038e-07;2,2481816205652e-08;4,51749149517135;6,27908750823502e-06
"Schizophrenia";"batchb09";7,34724870315512e-08;2,24621131740212e-08;3,27095168928837;0,00107294914368803
"Schizophrenia";"batchb10";3,23171863556942e-08;3,56882767986419e-08;0,90554067763014;0,365185558172074
"Schizophrenia";"batchb11";2,76410203834442e-08;6,19542080322434e-08;0,446152428727016;0,655490038097113
"Schizophrenia";"batchb12";1,03375785412007e-07;2,2872952272805e-08;4,51956460097704;6,21795576987019e-06
"Schizophrenia";"batchb15";9,14493161677899e-08;4,00506613967777e-08;2,2833409731193;0,0224165479566968
"Schizophrenia";"batchb16";1,02493401634394e-07;2,29756352282482e-08;4,46096051822672;8,18594326228878e-06
"Schizophrenia";"batchb17";7,56391198596927e-08;3,72479080178706e-08;2,03069444392429;0,0422939129307631
"Schizophrenia";"batchb18";1,043090409816e-07;2,35734721942863e-07;0,44248484110407;0,658141265323916
"Schizophrenia";"batchb19";3,9675714116498e-08;4,95687544614794e-08;0,800417814559586;0,423474461321386
"Schizophrenia";"batchb20";1,18660880352766e-07;4,67349631446151e-08;2,5390173088526;0,0111209335798812
"Schizophrenia";"batchb21";1,07607561100283e-07;2,4748986902562e-08;4,34795822244926;1,37817351685157e-05
"Schizophrenia";"batchb24";7,65994797904854e-08;2,66192644345771e-08;2,87759565929202;0,00400972557449264
"Schizophrenia";"genderCis man";-1,63573788110509e-08;1,09856473959652e-08;-1,48897722832963;0,136502815745457
"Schizophrenia";"genderNon-binary";2,27575496320036e-08;4,6405730867347e-08;0,490403861907857;0,623851368930194
"Schizophrenia";"genderSelf-define";2,41622833949722e-08;7,54453841452439e-08;0,320261917527733;0,748771794671731
"Schizophrenia";"genderTrans man";-9,97029028444334e-09;8,15927314667217e-08;-0,12219581456848;0,902744676950942
"Schizophrenia";"genderTrans woman";-1,53404551136046e-07;1,58100635028191e-07;-0,9702968688816;0,331905570415302
"Schizophrenia";"pc1";4,32726533821272e-08;4,75931121537288e-09;9,09220923446942;1,02262078462061e-19
"Schizophrenia";"pc2";7,30166685071919e-09;8,09362748395206e-09;0,902150100828935;0,366983649336166
"Schizophrenia";"pc3";2,68782272273014e-08;7,5484741764485e-09;3,56074970901568;0,000370311647264159
"Schizophrenia";"pc4";-9,82861698203416e-09;7,07465595359756e-09;-1,38927137185183;0,16475951600622
"Schizophrenia";"pc5";1,89712833578421e-07;3,96547402519131e-08;4,78411489706501;1,72475643215571e-06
"Schizophrenia";"pc6";-4,22039817822416e-08;1,13067102805865e-08;-3,73264908491599;0,000189790889000706
"Smoking Initiation";"(Intercept)";1,53057725115659e-08;5,57387941006906e-09;2,74598199665325;0,00603623878859093
"Smoking Initiation";"batchb02";-1,2416488675277e-08;1,15385169872421e-08;-1,07609051397208;0,281894557655926
"Smoking Initiation";"batchb03";-1,00194568629097e-08;9,36556129868972e-09;-1,06981915374484;0,284708457365508
"Smoking Initiation";"batchb04";-1,09139847018118e-08;7,88839534586361e-09;-1,38354940685557;0,166505724190341
"Smoking Initiation";"batchb05";-2,04622917178203e-08;1,05733483483929e-08;-1,93527074334315;0,052965519114592
"Smoking Initiation";"batchb06";-1,89416433678547e-08;8,8923496893871e-09;-2,13010554347197;0,0331701949790377
"Smoking Initiation";"batchb07";-8,31133046209635e-09;1,21461335886382e-08;-0,684277873402526;0,493804468412175
"Smoking Initiation";"batchb08";1,21672600919324e-08;5,88451887145972e-09;2,06767288162578;0,0386784833009457
"Smoking Initiation";"batchb09";1,03085153355291e-08;5,87936168752068e-09;1,75333920303111;0,0795529811132748
"Smoking Initiation";"batchb10";1,51922167278908e-09;9,34125323285447e-09;0,162635744360914;0,870806226529248
"Smoking Initiation";"batchb11";-4,35832761060128e-09;1,62162479666756e-08;-0,268763009763889;0,788113721742585
"Smoking Initiation";"batchb12";2,40457671253606e-08;5,98689705778667e-09;4,01639896147641;5,9223484097117e-05
"Smoking Initiation";"batchb15";2,1702280787691e-08;1,04830886725483e-08;2,07021818336061;0,0384395912350344
"Smoking Initiation";"batchb16";2,91062379530727e-08;6,0137738805289e-09;4,83992889179145;1,30465452617356e-06
"Smoking Initiation";"batchb17";1,83510904166927e-08;9,74948000857917e-09;1,88226350539151;0,0598089409802112
"Smoking Initiation";"batchb18";-9,20254749301775e-08;6,17025513971753e-08;-1,49143710991488;0,135856224113851
"Smoking Initiation";"batchb19";1,91286484068579e-08;1,29744086685487e-08;1,47433681915907;0,140400360213093
"Smoking Initiation";"batchb20";1,48682567340804e-08;1,22326759575734e-08;1,21545414802518;0,224201525831073
"Smoking Initiation";"batchb21";2,9834157036893e-08;6,47794106781384e-09;4,6054999149539;4,12993778131272e-06
"Smoking Initiation";"batchb24";2,22718506379814e-08;6,96747818222379e-09;3,19654400853437;0,00139214163946488
"Smoking Initiation";"genderCis man";-8,05063106764963e-09;2,87544604161063e-09;-2,79978512938473;0,00511660053288322
"Smoking Initiation";"genderNon-binary";1,28154410718514e-08;1,21465008224795e-08;1,05507267147538;0,291399728496419
"Smoking Initiation";"genderSelf-define";2,36562841658579e-08;1,97475053930742e-08;1,1979378506287;0,230949721518978
"Smoking Initiation";"genderTrans man";3,78094678831255e-08;2,13565471622868e-08;1,77039235770718;0,0766709306022722
"Smoking Initiation";"genderTrans woman";1,02252652189005e-07;4,13821624508818e-08;2,47093544979369;0,0134809711984883
"Smoking Initiation";"pc1";-4,34911093797273e-11;1,24572927764487e-09;-0,0349121676436392;0,972149986974296
"Smoking Initiation";"pc2";1,36584987729264e-09;2,11847224584584e-09;0,644733429937995;0,519104380617794
"Smoking Initiation";"pc3";2,78675144069239e-09;1,97578070809379e-09;1,4104558412158;0,158414448223821
"Smoking Initiation";"pc4";3,51163295522728e-09;1,85176082248923e-09;1,89637501375949;0,05791910229986
"Smoking Initiation";"pc5";-2,56415429362224e-09;1,03794580126739e-08;-0,247041251141559;0,804877819219369
"Smoking Initiation";"pc6";7,75790026129548e-10;2,95948287325257e-09;0,262137021687485;0,793217423367295
"Suicide Attempt";"(Intercept)";2,0148106869514e-06;5,44444084085115e-09;370,067513973835;0
"Suicide Attempt";"batchb02";1,38818132576356e-08;1,12705655265365e-08;1,23168737406752;0,218074567687425
"Suicide Attempt";"batchb03";1,20455274744781e-09;9,14807097189234e-09;0,131672868646168;0,895243840156195
"Suicide Attempt";"batchb04";-1,32520250405288e-08;7,70520828136607e-09;-1,71987888667162;0,0854637314913619
"Suicide Attempt";"batchb05";-2,43191376457563e-08;1,03278103700171e-08;-2,35472348682521;0,0185422527305848
"Suicide Attempt";"batchb06";-1,78836658902124e-08;8,68584844741542e-09;-2,05894288836387;0,0395074530368078
"Suicide Attempt";"batchb07";-4,92654377413536e-10;1,1864071843563e-08;-0,0415248983577955;0,966877692388037
"Suicide Attempt";"batchb08";3,03240717182187e-08;5,74786652446391e-09;5,27570909817656;1,33067747935491e-07
"Suicide Attempt";"batchb09";2,07698563652794e-08;5,74282910244671e-09;3,61665931455813;0,000298869544745122
"Suicide Attempt";"batchb10";1,60948024297516e-08;9,12432739642918e-09;1,76394398518079;0,0777505593250267
"Suicide Attempt";"batchb11";2,02028333874793e-08;1,58396686077649e-08;1,27545808487278;0,202156030041556
"Suicide Attempt";"batchb12";2,74152459139198e-08;5,84786724888644e-09;4,68807596806174;2,76874677847899e-06
"Suicide Attempt";"batchb15";1,64768270313912e-08;1,02396467358052e-08;1,60912065196314;0,107599421981493
"Suicide Attempt";"batchb16";2,7935230880519e-08;5,87411992868891e-09;4,75564530851418;1,98638850016408e-06
"Suicide Attempt";"batchb17";2,19366131174624e-08;9,5230741877698e-09;2,30352223293975;0,0212555939884617
"Suicide Attempt";"batchb18";-4,07419141414466e-08;6,02696732556931e-08;-0,675993612386111;0,499049385467576
"Suicide Attempt";"batchb19";8,19546478537128e-09;1,26731124310535e-08;0,646681297112898;0,517842677945324
"Suicide Attempt";"batchb20";-1,17943926943439e-09;1,19486044954613e-08;-0,0987093739593105;0,921369618784912
"Suicide Attempt";"batchb21";2,48414369024095e-08;6,3275080638667e-09;3,92594314407385;8,65639732601605e-05
"Suicide Attempt";"batchb24";1,83903150405994e-08;6,80567697688467e-09;2,70220216196885;0,00689166917734656
"Suicide Attempt";"genderCis man";-4,62800998006004e-09;2,80867143202416e-09;-1,64775770041735;0,0994118173669761
"Suicide Attempt";"genderNon-binary";-5,11681456462714e-10;1,18644305493721e-08;-0,04312735064135;0,965600274961231
"Suicide Attempt";"genderSelf-define";4,98651561158448e-09;1,92889219441598e-08;0,258517071406071;0,796009469955418
"Suicide Attempt";"genderTrans man";1,32530126461457e-08;2,08605979849279e-08;0,635313170587017;0,525228541814178
"Suicide Attempt";"genderTrans woman";9,16310727633336e-09;4,04211714597403e-08;0,226690789638788;0,820665578084116
"Suicide Attempt";"pc1";2,68346709650069e-08;1,21680051843276e-09;22,0534677282764;5,15485277935671e-107
"Suicide Attempt";"pc2";1,18590119819873e-08;2,06927634542238e-09;5,73099480319368;1,00701909776299e-08
"Suicide Attempt";"pc3";5,90174338794532e-09;1,92989844026395e-09;3,05805904850523;0,00222952028903616
"Suicide Attempt";"pc4";2,63701542195116e-09;1,80875858764292e-09;1,45791452765821;0,144873514804251
"Suicide Attempt";"pc5";3,06198497832048e-08;1,01384226232123e-08;3,02017887014293;0,00252816515755499
"Suicide Attempt";"pc6";7,3712503764407e-10;2,89075673108905e-09;0,254993797892626;0,798729460960231
